routeId,routeKind,verb,target,poseClass,clipId,frameFamily,facingRule,contactRule,disposition
"take-form","PHYSICAL","PICK_UP","blank-authorization-form","EMPTY_HAND_REACH","rook.reach.neutral","rook_use_reach.png only","face object","mutation at named semantic contact","LIVE_REQUIRED_NOW"
"take-pen","PHYSICAL","PICK_UP","pen-stand","EMPTY_HAND_REACH","rook.reach.neutral","rook_use_reach.png only","face object","mutation at named semantic contact","LIVE_REQUIRED_NOW"
"take-form-2","PHYSICAL","PICK_UP","blank-authorization-form","EMPTY_HAND_REACH","rook.reach.neutral","rook_use_reach.png only","face object","mutation at named semantic contact","LIVE_REQUIRED_NOW"
"take-pen-2","PHYSICAL","PICK_UP","pen-stand","EMPTY_HAND_REACH","rook.reach.neutral","rook_use_reach.png only","face object","mutation at named semantic contact","LIVE_REQUIRED_NOW"
"open-case-drawer","PHYSICAL","OPEN","official-case-file-cabinet","EMPTY_HAND_REACH","rook.reach.neutral","rook_use_reach.png only","face object","mutation at named semantic contact","LIVE_REQUIRED_NOW"
"pull-case-drawer","PHYSICAL","PULL","official-case-file-cabinet","EMPTY_HAND_REACH","rook.reach.neutral","rook_use_reach.png only","face object","mutation at named semantic contact","LIVE_REQUIRED_NOW"
"close-case-drawer","PHYSICAL","CLOSE","official-case-file-cabinet","EMPTY_HAND_REACH","rook.reach.neutral","rook_use_reach.png only","face object","mutation at named semantic contact","LIVE_REQUIRED_NOW"
"push-case-drawer","PHYSICAL","PUSH","official-case-file-cabinet","EMPTY_HAND_REACH","rook.reach.neutral","rook_use_reach.png only","face object","mutation at named semantic contact","LIVE_REQUIRED_NOW"
"use-case-drawer-open","PHYSICAL","USE","official-case-file-cabinet","EMPTY_HAND_REACH","rook.reach.neutral","rook_use_reach.png only","face object","mutation at named semantic contact","LIVE_REQUIRED_NOW"
"use-case-drawer-shut","PHYSICAL","USE","official-case-file-cabinet","EMPTY_HAND_REACH","rook.reach.neutral","rook_use_reach.png only","face object","mutation at named semantic contact","LIVE_REQUIRED_NOW"
"open-misc-drawer","PHYSICAL","OPEN","miscellaneous-drawer-cabinet","EMPTY_HAND_REACH","rook.reach.neutral","rook_use_reach.png only","face object","mutation at named semantic contact","LIVE_REQUIRED_NOW"
"pull-misc-drawer","PHYSICAL","PULL","miscellaneous-drawer-cabinet","EMPTY_HAND_REACH","rook.reach.neutral","rook_use_reach.png only","face object","mutation at named semantic contact","LIVE_REQUIRED_NOW"
"close-misc-drawer","PHYSICAL","CLOSE","miscellaneous-drawer-cabinet","EMPTY_HAND_REACH","rook.reach.neutral","rook_use_reach.png only","face object","mutation at named semantic contact","LIVE_REQUIRED_NOW"
"push-misc-drawer","PHYSICAL","PUSH","miscellaneous-drawer-cabinet","EMPTY_HAND_REACH","rook.reach.neutral","rook_use_reach.png only","face object","mutation at named semantic contact","LIVE_REQUIRED_NOW"
"use-misc-drawer-open","PHYSICAL","USE","miscellaneous-drawer-cabinet","EMPTY_HAND_REACH","rook.reach.neutral","rook_use_reach.png only","face object","mutation at named semantic contact","LIVE_REQUIRED_NOW"
"use-misc-drawer-shut","PHYSICAL","USE","miscellaneous-drawer-cabinet","EMPTY_HAND_REACH","rook.reach.neutral","rook_use_reach.png only","face object","mutation at named semantic contact","LIVE_REQUIRED_NOW"
"dynamic.lamp.use","PHYSICAL","USE","desk-lamp","EMPTY_HAND_REACH","rook.reach.neutral","rook_use_reach.png only","face object","mutation at named semantic contact","LIVE_REQUIRED_NOW"
"dynamic.globe.use","PHYSICAL","USE","office-globe","EMPTY_HAND_REACH","rook.reach.neutral","rook_use_reach.png only","face object","mutation at named semantic contact","LIVE_REQUIRED_NOW"
"dynamic.globe.push","PHYSICAL","PUSH","office-globe","EMPTY_HAND_REACH","rook.reach.neutral","rook_use_reach.png only","face object","mutation at named semantic contact","LIVE_REQUIRED_NOW"
"dynamic.globe.pull","PHYSICAL","PULL","office-globe","EMPTY_HAND_REACH","rook.reach.neutral","rook_use_reach.png only","face object","mutation at named semantic contact","LIVE_REQUIRED_NOW"
"reprimand-start","PHYSICAL_REFUSAL","USE","nansen-terminal","POINT_HOLD","arthur.point","pointing-v0.1.3","Arthur RIGHT mirrored; Rook LEFT","preauthorization block; no object mutation","LIVE_REQUIRED_NOW"
"reprimand-form-held","PHYSICAL_REFUSAL","USE","nansen-terminal","POINT_HOLD","arthur.point","pointing-v0.1.3","Arthur RIGHT mirrored; Rook LEFT","preauthorization block; no object mutation","LIVE_REQUIRED_NOW"
"reprimand-pen-held","PHYSICAL_REFUSAL","USE","nansen-terminal","POINT_HOLD","arthur.point","pointing-v0.1.3","Arthur RIGHT mirrored; Rook LEFT","preauthorization block; no object mutation","LIVE_REQUIRED_NOW"
"reprimand-form-and-pen","PHYSICAL_REFUSAL","USE","nansen-terminal","POINT_HOLD","arthur.point","pointing-v0.1.3","Arthur RIGHT mirrored; Rook LEFT","preauthorization block; no object mutation","LIVE_REQUIRED_NOW"
"reprimand-form-completed","PHYSICAL_REFUSAL","USE","nansen-terminal","POINT_HOLD","arthur.point","pointing-v0.1.3","Arthur RIGHT mirrored; Rook LEFT","preauthorization block; no object mutation","LIVE_REQUIRED_NOW"
"reprimand-form-submitted","PHYSICAL_REFUSAL","USE","nansen-terminal","POINT_HOLD","arthur.point","pointing-v0.1.3","Arthur RIGHT mirrored; Rook LEFT","preauthorization block; no object mutation","LIVE_REQUIRED_NOW"
"give-form","PHYSICAL","GIVE","mr-index","PAPER_REACH","rook.give","rook_give_offer.png","mutual character facing","handoff/stamp/return contacts","LIVE_REQUIRED_NOW"
"pickup-case-stack","PHYSICAL","PICK_UP","disorderly-stack-of-confidential-files","EMPTY_HAND_REACH","rook.drawer-extract","rook_pickup_down.png → rook_pickup_up.png","face cabinet item","Euler collect contact; return to neutral before dialogue","LIVE_REQUIRED_NOW"
"pickup-misc-contents","PHYSICAL","PICK_UP","miscellaneous-catch-all-contents","EMPTY_HAND_REACH","rook.drawer-extract","rook_pickup_down.png → rook_pickup_up.png","face drawer contents","restart only at each authored extraction contact; return to neutral before dialogue","LIVE_REQUIRED_NOW"
"look-drawer-contents","OBSERVATION","LOOK_AT","drawer contents","NO_REACH","rook.inspect-lean","rook_inspect_lean.png only","face drawer contents","no held-item or reach frame","LIVE_REQUIRED_NOW"
"opening-paper","SEAM","","Arthur","DOCUMENT_REVIEW","arthur.document","paperwork-v0.1.4","native left; mirror only for screen-right","closed frame until Arthur speech","LIVE_REQUIRED_NOW"
"cabinet-reprimand","SEAM","OPEN/USE/PULL","cabinet","POINT_HOLD","arthur.point","pointing-v0.1.3","Arthur RIGHT mirrored; Rook LEFT","hold entire exchange; release once","LIVE_REQUIRED_NOW"
"terminal-reprimand","SEAM","USE","nansen-terminal","POINT_HOLD","arthur.point","pointing-v0.1.3","Arthur RIGHT mirrored; Rook LEFT","hold entire exchange; release once","LIVE_REQUIRED_NOW"
"arthur-topics","SEAM","TALK_TO","Arthur","TALK_LISTEN","arthur.talk / rook.talk","conversation families","mutual for full exchange","speaker-owned mouth","LIVE_REQUIRED_NOW"
"form-review","SEAM","GIVE","Arthur","DOCUMENT_REVIEW","arthur.document / arthur.stamp","paperwork + stamp","mutual character facing","handoff/stamp/return","LIVE_REQUIRED_NOW"
"terminal-entry","SEAM","USE","nansen-terminal","EMPTY_HAND_REACH","rook.reach.neutral","neutral reach","face terminal","only after approved-return receipt","LIVE_REQUIRED_NOW"
"ending","SEAM","","ending","TALK_LISTEN","authored performance or ordinary talk","conversation families","mutual when both characters participate","speaker-owned mouth","LIVE_REQUIRED_NOW"
"completion","SEAM","","completion","IDLE","idle families","idle","route-authored; camera clips fixed","no implicit force pose","LIVE_REQUIRED_NOW"
"ambient-mug-steam","AMBIENT","","coffee-mug","AMBIENT_LOOP","mug.steam","mug-steam exact paths","not applicable","live room timer","LIVE_REQUIRED_NOW"
"official-drawer-02-filed-transition","PROP_TRANSITION","OPEN/CLOSE","official-case-file-cabinet","PROP","drawer.official.filed.02","drawer-02 filed exact paths","not applicable","files remain visible before and after Euler extraction","LIVE_REQUIRED_NOW"
"misc-drawer-04-transition","PROP_TRANSITION","OPEN/CLOSE","miscellaneous-drawer-cabinet","PROP","drawer.misc.04","drawer-04 exact paths","not applicable","select from actual source visual","LIVE_REQUIRED_NOW"
