id,endpoint,question,purpose,status,request_body_sha256,response_sha256,normalized_sha256
RQ-001,POST /api/v1/profiler/address/transactions,Which bounded activity facts for the first breach transaction in 2023-03-13T08:45:00Z through 2023-03-13T12:15:00Z test the incident question?,Inspect initial activity,Reviewed research evidence,42b8f153782d75622afe018b97fd2d243c4dc78c0ee9b5a3e3cd3e5397aafe11,90688f0ec37233c0bacf3d36c7cf30418f3317f95382b2727c07847a90df0dd3,a35ce36f24e043a60ffaf34a1c61bd8203877a87ad76886840e0aed77bdbe30c
RQ-002,POST /api/v1/profiler/address/transactions,Which subject-involved contextual activity facts for the Main Trigger add route-candidate coverage inside the incident window?,Inspect initial activity,Reviewed research evidence,2a3369b64c947307e22f070afda4ae65748858cca5bbe1260e6134bddfe20ad8,837cad0c7e7cd01a02060e61c8c5cf29a81458850bd773432cb3a4c079e7b70c,9f8246f2bd8caecbfec904692094f30a38758ea5e11e42d5d51d8dade49d7bdc
RQ-003,POST /api/v1/profiler/address/transactions,"Does the sender of the Early Trigger contextual 0.0001 ETH transfer show route-relevant incident-window activity, or is it a bounded dead end?",Test an alternative lead,Reviewed research evidence,19ba9337d8aae52649353278d912d229224971a78ae3cb779ef820e00ad12079,2ad3512d7f70ce767c13b0a5730144f6e3a9cce213bca85d0dfcb6b1774e7257,472f39c3c8b0653599d0f90b1fa4fba196dfd49436b4dce4c378f0fb11aa04ab
RQ-004,POST /api/v1/profiler/address/transactions,Does repeated opposite-side contextual incident activity for 0x620fefb079854dd89cad930bdb596338a8265bb6 support a route-relevant directional pattern or resolve to a bounded dead-end test?,Follow transfer direction,Reviewed research evidence,e821e4cb141ca25fa654d8d097b3da2255e1e70917dec0ddcf34290933220c79,fd6f938f5bc854687b795ec50a99e76a07789bf54c96a65b718b2d4e8e5ecc80,1a9e7969f1878e9c430e8d97e9317f8fff7df4443ec79b2ab1208313ba4eeda3
RQ-005,POST /api/v1/profiler/address/transactions,Does the single-support counterparty 0xa5d7f0f7027fa8f4d1be8042e1e43bbdec36951e have independent incident-window contextual activity or resolve to a bounded dead-end test?,Test an alternative lead,Reviewed research evidence,98bf404fca0579c8945678a78728801548c71ad7c7c0235405fce5cbfa493621,f7baef1e22e15e424c2c39e36d98b72282844061ee092e1c242ae85254a290a7,b65f7962963dfd6afff1b9020d2db6548d84e2dd1ccb11c94e5f8301df76ff90
RQ-006,POST /api/v1/profiler/address/transactions,Does repeated opposite-side contextual incident activity for 0xb003df4b243f938132e8cadbeb237abc5a889fb4 support a route-relevant directional pattern or resolve to a bounded dead-end test?,Follow transfer direction,Reviewed research evidence,668a4a5a668a7ee79e4c574e84f93305c989d443e230d233322f8081a6ddde8d,54dd9f95a8a9a9cd3903792a3288401229a34426d4c9de09db37b79421d5a294,a8b102f991e7040cf789428f80b036abfc23aaab455cf78f4280a4e11befa590
RQ-007,POST /api/v1/profiler/address/transactions,Does repeated opposite-side contextual incident activity for 0xef1c6e67703c7bd7107eed8303fbe6ec2554bf6b support a route-relevant directional pattern or resolve to a bounded dead-end test?,Follow transfer direction,Reviewed research evidence,577f04db5019d7fde8ce19e5c7213429fae8e7bb90be7ddbf4c39507ee0a2dd7,1963b01e9ecbdc6986c5a48d6e55793d899cefc91dcc419d12cd4c25c511ae33,c3fb568475bd01abcd04acb7bf72ed5422252957745ac6c293cbba2d2c32e87c
RQ-008,POST /api/v1/profiler/address/transactions,Does the single-support counterparty 0xf16e9b0d03470827a95cdfd0cb8a8a3b46969b91 have independent incident-window contextual activity or resolve to a bounded dead-end test?,Test an alternative lead,Reviewed research evidence,e2df0480c9e595f567012b705c75707356f4f40617927c6e987a6629b6dd1d58,5d3d69dee52c9bd4aa7ac7fdb596ee97c00410eff904c6cf8b8df100e18dd472,aec1c4523680ffb603fee1890a2a09769651abd1081fde93c40650e42adac9dd
RQ-009,POST /api/v1/tgm/transfers,Does one bundled DAI query reconcile transfer participation for all three separately checked exact case transactions?,Compare source views,Reviewed research evidence,d7deef35339336b199e3d1d103719f9216ac00f0382bffcc701ffde28cb88b7b,0f10129612be96108434ce99c794562d1303da11aaf8c141c2481f31773b6b4a,fdf35c2974de2b9fb85afd5fda4bfa062e81b4d6e9b518ff49d723319f30fbb6
RQ-010,POST /api/v1/tgm/transfers,Which DAI transfers leave the accepted early trigger in the incident query?,Follow transfer direction,Reviewed research evidence,3a7d822d584e8562cacda0cd8cd6f8b07e344f60466e8e91d77eef06870381e9,d751e140bcfb7a7aedfa43575f658c02290326d722ea97f3582af1029513c15b,4f53cda18c2baa0c0354bb5f9a3ecbe5ed12ab4d8e11ba873c2f11161202b945
RQ-011,POST /api/v1/tgm/transfers,"Which DAI transfers enter the first engine in the incident query, providing contextual receipt participation around the separately checked convergence?",Follow transfer direction,Reviewed research evidence,22b319bf2045239adfed68438dc56fc02c2c060609b7fb6ccfae6eae0cc214b4,76a43eb2aba2fc9f69275088a912d6842ecd67f776ff4183f6b32a6ce6329201,e32addc2d9d5c978ae78752317d0451457ac2a47814c281b45fc1399de3c36d9
RQ-012,POST /api/v1/tgm/transfers,"Which DAI transfers leave the first engine, contextualizing the checked exact convergence join?",Follow transfer direction,Reviewed research evidence,329572deca38754dbac35b1c72177cd07398474a3eac5cf01931b3593e8398f1,733c71bab5b85b6b80a66beb7f6ddf5c0150f3f9139f987ed0924294bdaad0e5,d64ffdc2904d7a06e8a1c0267cfaba1377b41595c9c30a9ffed0825a1646f31a
RQ-013,POST /api/v1/tgm/transfers,Which DAI transfers leave the main trigger on the independently accepted second branch?,Follow transfer direction,Reviewed research evidence,e4dfccb5b8fcd04cc45254aeb2c08f068bdab2cb999e23b2e81efca0350d2870,d751e140bcfb7a7aedfa43575f658c02290326d722ea97f3582af1029513c15b,4f53cda18c2baa0c0354bb5f9a3ecbe5ed12ab4d8e11ba873c2f11161202b945
RQ-014,POST /api/v1/tgm/transfers,Which DAI transfers enter the extraction engine within the bounded incident query?,Follow transfer direction,Reviewed research evidence,cac1f649a1c22381de6bfb8fec970ee9c64c5342aed264b22ed2b2a095bd45cc,c02193b9726477b3575d562ed9ae5956cdd6bea9094ce2882ab96ce54d12a02a,87e7b455536a2941a6fb89f8ec3b6fec688d0455bd536e7991f9f59cbd081980
RQ-015,POST /api/v1/tgm/transfers,Which DAI transfers leave the extraction engine before the accepted case cutoff?,Follow transfer direction,Reviewed research evidence,f931eba5aa9e8ef067c48c7794fe3a586836e9459631f72d03b689385147054f,f8d9f398a764a29b9db2d16ebc4caf81cad6735f9718cb93c9996328e1704f30,a4b817b7f9415603c30d23b65024e7e4659a47c059490a849d6d9526a570e8a7
RQ-016,POST /api/v1/tgm/transfers,Which DAI transfers enter the receiving vault across the two accepted branch contexts?,Follow transfer direction,Reviewed research evidence,88438be0396c402f61afb56aa121dfc253d290b708c204c7f5520a8f53adc19c,458da23cdc7f4d683624b498ba0fbcd1b4ec5f11bb7413899cd38bbe7e1af77e,3263edf3b267aeb7af54bc5b1f9069c414640bfdcfd13530c69595a2b772e019
RQ-017,POST /api/v1/tgm/transfers,Does the bounded provider query return any DAI outflow from the receiving vault before cutoff?,Check query coverage,Reviewed research evidence,d9cee1f6123733a58d1c764b03c984abb6b809f76c19928c4287d26e279fe479,d751e140bcfb7a7aedfa43575f658c02290326d722ea97f3582af1029513c15b,4f53cda18c2baa0c0354bb5f9a3ecbe5ed12ab4d8e11ba873c2f11161202b945
RQ-018,POST /api/v1/profiler/address/counterparties,"Which wallet addresses have bounded ERC20 interaction-count relationships with the main trigger, distinct from DAI-only outgoing transfers?",Compare address interactions,Reviewed research evidence,5b9fcc8112cec7952833f65f59858f197d84968d215cb058e73c96763b364ef8,0afcf0ee70859168f912615f29fec397396976f8b5f609aed9ab76967f87d1fe,4f53cda18c2baa0c0354bb5f9a3ecbe5ed12ab4d8e11ba873c2f11161202b945
RQ-019,POST /api/v1/tgm/transfers,"How does the incoming DAI provider view for the Early Trigger in the breach-opening interval compare with its full-window case context, teaching the exact subject/time filter around the first breach transaction and the second breach transaction?",Test a useful filter,Reviewed research evidence,af73ada43ddeb14bf9c21290002a5de1898ae37f638b183804a6e35a123d54e5,d751e140bcfb7a7aedfa43575f658c02290326d722ea97f3582af1029513c15b,4f53cda18c2baa0c0354bb5f9a3ecbe5ed12ab4d8e11ba873c2f11161202b945
RQ-020,POST /api/v1/tgm/transfers,"How does the outgoing DAI provider view for the First Engine in the breach-opening interval compare with its full-window case context, teaching the exact subject/time filter around the first breach transaction and the second breach transaction?",Test a useful filter,Reviewed research evidence,83416025de76ff8ec59971387f5d45894ac39f20c0e279d10b5898fa1c0dd56a,f3a30c375679c0e124baa0e0adadf9fff415b153e8fc0b40681db8375939acf1,5ee68b4348c714c71d54b83606c2c5d53c53f17ed7b323481b1b1d9d9e62d413
RQ-021,POST /api/v1/tgm/transfers,"How does the incoming DAI provider view for the First Engine in the breach-opening interval compare with its full-window case context, teaching the exact subject/time filter around the first breach transaction and the second breach transaction?",Test a useful filter,Reviewed research evidence,8e73486c00b3c43038718811825a70072b7bd2e12cde4ff00950ed0dc0b21e68,76a43eb2aba2fc9f69275088a912d6842ecd67f776ff4183f6b32a6ce6329201,e32addc2d9d5c978ae78752317d0451457ac2a47814c281b45fc1399de3c36d9
RQ-022,POST /api/v1/tgm/transfers,"How does the incoming DAI provider view for the Main Trigger in the breach-opening interval compare with its full-window case context, teaching the exact subject/time filter around the first breach transaction and the second breach transaction?",Test a useful filter,Reviewed research evidence,80bce59d8f0a51b27a4b5779875737c3ab2480e6c6b8bf2b11ae4a84421c24d3,d751e140bcfb7a7aedfa43575f658c02290326d722ea97f3582af1029513c15b,4f53cda18c2baa0c0354bb5f9a3ecbe5ed12ab4d8e11ba873c2f11161202b945
RQ-023,POST /api/v1/tgm/transfers,"How does the incoming DAI provider view for the Early Trigger in the route-development interval compare with its full-window case context, teaching the exact subject/time filter around the second breach transaction and the connecting transaction?",Test a useful filter,Reviewed research evidence,6c8467e05bb5a03b5786e209bd821f25a1b11a2678d1785696ea680eb3936107,d751e140bcfb7a7aedfa43575f658c02290326d722ea97f3582af1029513c15b,4f53cda18c2baa0c0354bb5f9a3ecbe5ed12ab4d8e11ba873c2f11161202b945
RQ-024,POST /api/v1/tgm/transfers,What bounded page-1 DAI match-count and coverage metadata illustrates the token-wide haystack during the breach-opening interval before a player applies accepted subject/time clues?,Establish the record collection,Reviewed research evidence,bb7a373f678046b11d643ec102522886677176ab97f17ffddc123cd3a8a05d5d,cc6d8d632783dd59fd75d89160b7c608011306f9cdee7c2fdf70755eef1fd887,42a52c539e1f176c35f6485ccb9b0f0e9bdf9cb5d2859690c570dc03e71ff14b
RQ-025,POST /api/v1/tgm/transfers,"Does the bounded OUT DAI view for one-hop subject 0x583c21631c48d442b5c0e605d624f54a0b366c72 test its known-transaction comparison comparison with 2 independently reviewed non-hub view(s), separating candidate or dead-end/control material from exact proof?",Add context,Reviewed research evidence,e8dd20110298a1aa587544774c2f21b3dfb63cf265db214fbc29ca2e83e0ad1a,f4a271e836ad9cd87f2cab0b46ffaef77666660844af6e81d358e2d4d7bb0b07,c132b6216c29bcc02f7987d5b062eca7b1ef3627570201e75c3d5649d36e6db6
RQ-026,POST /api/v1/tgm/transfers,Which DAI transfers enter the Receiving Vault after the 11:38:11 UTC connecting transaction and before cutoff?,Test a useful filter,Reviewed research evidence,de133f5063464ece94c80b1e4f0ab36bbbcb3bd2cac68f16dbfdcee7d37f44e7,ea570bf4094f8af92bb8a81399d9a4c3a144bc9e688e375b3a8ad86c3ee51b02,bbc0dfdd0441f06fbd36eab7cfb8688ff08cee1b987d0cea19599e6ba545f054
RQ-027,POST /api/v1/profiler/address/transactions,What bounded subject-involved activity does Nansen return for the First Engine in the incident window?,Inspect initial activity,Reviewed research evidence,2e9a08845505f40a50b6194d79a00d1be7fa387614a4b3e8b044ad82008eb3dd,6a0546d2fc9ab8a0cdb55c4f69bfad139c2e0a39a189cc85343f34352c839a90,158627a1eb3a2db5d309a3f96d3c473df7b3fc686ab67ef65f86182b6092d7d2
RQ-028,POST /api/v1/profiler/address/counterparties,Which wallet-grouped counterparties interact with the First Engine in the incident window?,Compare address interactions,Reviewed research evidence,48bdf3b358d86086cb3b4912147b25d7931ff2c961079942431d9e214e0f06bd,042a43d9aec03f94503dcee77386a3d49dfc575cd0b45d3e52acb0f7b921b655,7195069f4c0355f933c43d8bc3c13313af2a3521a9461139b5f442d59a894769
RQ-029,POST /api/v1/profiler/address/transactions,What bounded address-transaction activity exists for 0x036cec1a199234fc02f72d29e596a09440825f1c in the incident window?,Inspect initial activity,Reviewed research evidence,e8cf150553c1884eaf4ba5f7ad73c93369f133cd0b147396c934158acf78b11a,4bef476056a88ba749acfccbc8814dc4d4f1946831feeec2b1c711588ebb3b75,df035a1e4581841432a28e8351dc6860a6e6d3fb990fb12d6abfc35497f6bc68
RQ-030,POST /api/v1/profiler/address/transactions,What bounded address-transaction activity exists for 0xb66cd966670d962c227b3eaba30a872dbfb995db in the incident window?,Inspect initial activity,Reviewed research evidence,504d4d4422b163dc638555885944ea70ccf1f281ad20d355de5f44f6a138edc2,b111fa809ffac96d9f147291adb099aa31681cfaad3518e47f43c176c0107078,71801c5a69f88b5e7f70382612151d1f447f316ca8dcd84065a5eede07dd1b00
RQ-031,POST /api/v1/profiler/address/transactions,What bounded address-transaction activity exists for 0xc66dfa84bc1b93df194bd964a41282da65d73c9a in the incident window?,Add context,Reviewed research evidence,17e984cfc7af0fcf5274a11e1626624907d17260b5f55e5af91cdafbfb8eeae6,3afb188903c04c0663b85bccf422ca2149c55eefa83648092bae19feca6ca259,10997f7ef7edc4f9abc707d49d487141e7e5381e1ccc9d77cd516b126200ef0c
RQ-032,POST /api/v1/profiler/address/transactions,What bounded address-transaction activity exists for 0xebc29199c817dc47ba12e3f86102564d640cbf99 in the pre-breach interval?,Test a useful filter,Retained request entry,8ea9834b7ee590d4e68a730a7d68ae31cc751a3c08d28cd91cdd5c610d826d49,5fbca41f33ba94ed6c8f4873bcd2e042a91702c6b3991105fd862cfda4b57d74,4f53cda18c2baa0c0354bb5f9a3ecbe5ed12ab4d8e11ba873c2f11161202b945
RQ-033,POST /api/v1/profiler/address/transactions,What bounded address-transaction activity exists for 0xebc29199c817dc47ba12e3f86102564d640cbf99 in the interval from the connecting transaction to the cutoff?,Test a useful filter,Reviewed research evidence,dc1501b07b87b2cdd0f417ccc98ee4913d73b4913330b03d7d2005ac720786a0,e507820c96c92e108372f7b32b51ae5af2e56dfa009f5bba00401123ce493fcb,d5417f177de644f0b8c035bfa379e638b5d3b7acbbd6b2780b3ebcd3a798f92c
RQ-034,POST /api/v1/profiler/address/transactions,What bounded address-transaction activity exists for 0xb66cd966670d962c227b3eaba30a872dbfb995db in the pre-breach interval?,Test a bounded absence,Reviewed research evidence,6a64cb8aaef38078f8ed1058ea4e3e2416aea89c855d22a36ce28b1cf6f18d2c,5fbca41f33ba94ed6c8f4873bcd2e042a91702c6b3991105fd862cfda4b57d74,4f53cda18c2baa0c0354bb5f9a3ecbe5ed12ab4d8e11ba873c2f11161202b945
RQ-035,POST /api/v1/profiler/address/transactions,What bounded address-transaction activity exists for 0xb66cd966670d962c227b3eaba30a872dbfb995db in the interval from the connecting transaction to the cutoff?,Test a useful filter,Reviewed research evidence,899db0d36fbaec3dd7159ac567003af4e00fb24d759b1219136bf8bd0cd945e0,e1dbc63f666680f37a10117b57322a8b17ddf54e9fb0d863117bc39f69fa87a5,266c2311ccb10a5197d114b9dfff0d20cc299d5ed6101e9b0d73f25dff40cbcb
RQ-036,POST /api/v1/profiler/address/transactions,What bounded address-transaction activity exists for 0x036cec1a199234fc02f72d29e596a09440825f1c in the route-development interval?,Test a useful filter,Reviewed research evidence,9fe09aec49ded8867bc4b1535a08397fe5500b4a04b0a379309782bd6e176e0a,d7a0a89c11fb035283e0acdee607d712b4f6a6be55544d4613694b3ccc3505c6,9b54b6f0ce7006482d8a00edf75d2dbe3924c77b9b27c898b888b17a8f49ab13
RQ-037,POST /api/v1/profiler/address/transactions,What bounded address-transaction activity exists for 0x5f259d0b76665c337c6104145894f4d1d2758b8c in the pre-breach interval?,Test a useful filter,Retained request entry,9105258ff10ce106299ce79f7b7919fdfecacd595d05f38f02df32b1c3b62571,5fbca41f33ba94ed6c8f4873bcd2e042a91702c6b3991105fd862cfda4b57d74,4f53cda18c2baa0c0354bb5f9a3ecbe5ed12ab4d8e11ba873c2f11161202b945
RQ-038,POST /api/v1/profiler/address/transactions,What bounded address-transaction activity exists for 0x5f259d0b76665c337c6104145894f4d1d2758b8c in the interval from the connecting transaction to the cutoff?,Test an alternative lead,Reviewed research evidence,eafc50983f11a3b6c626e05910702bcfef609891d4df6b0c4fc4a897f9552696,4c1d3f424538d60cba176de1cf807fed7abbe5f545e9ab6f83ec717465a29cc7,a1013b51292f8401d8a280e4db46cbb5bc043f4e67e57ef075bd9ab5de944998
RQ-039,POST /api/v1/profiler/address/transactions,What bounded address-transaction activity exists for 0x5f259d0b76665c337c6104145894f4d1d2758b8c in the previous-day comparison window?,Test an alternative lead,Reviewed research evidence,460609634b9c69e50dab00fb6a5f829a24cb3c7fa4d617843afb910d44c24e91,5fbca41f33ba94ed6c8f4873bcd2e042a91702c6b3991105fd862cfda4b57d74,4f53cda18c2baa0c0354bb5f9a3ecbe5ed12ab4d8e11ba873c2f11161202b945
RQ-040,POST /api/v1/profiler/address/transactions,What bounded address-transaction activity exists for 0xb66cd966670d962c227b3eaba30a872dbfb995db in the following-day comparison window?,Test an alternative lead,Reviewed research evidence,39b567f3953899d53271800dee0d7eed1e55feb3bed17c55e560c5dcef9bf5b3,8f74b380d14ee75ffec2b132d30e4987a4fb3a174eb5818a384b0ff010c4e3b2,942c587563b57a6d99c828a4fab05c39f9bab6241d2acdbd0edf0de8561fea9f
RQ-041,POST /api/v1/profiler/address/transactions,What bounded address-transaction activity exists for 0xebc29199c817dc47ba12e3f86102564d640cbf99 in the incident window?,Test a useful filter,Reviewed research evidence,24e370f0230efb77017be4f1a03832579d1e9d1e261618b6e154b89cd17b60c7,6a0546d2fc9ab8a0cdb55c4f69bfad139c2e0a39a189cc85343f34352c839a90,158627a1eb3a2db5d309a3f96d3c473df7b3fc686ab67ef65f86182b6092d7d2
RQ-042,POST /api/v1/profiler/address/transactions,What bounded address-transaction activity exists for 0xebc29199c817dc47ba12e3f86102564d640cbf99 in the incident window?,Test an alternative lead,Reviewed research evidence,4d7f9f931629ff3d59e57c07c58080b7c13eeae27f0f54940ab2afb14607474b,5fbca41f33ba94ed6c8f4873bcd2e042a91702c6b3991105fd862cfda4b57d74,4f53cda18c2baa0c0354bb5f9a3ecbe5ed12ab4d8e11ba873c2f11161202b945
RQ-043,POST /api/v1/profiler/address/transactions,What bounded address-transaction activity exists for 0xb66cd966670d962c227b3eaba30a872dbfb995db in the incident window?,Test a useful filter,Reviewed research evidence,9381618c17af7c37cc4ef722075b91b2aab633325d0b13c79c011bae30c8748f,27044d3b98381d44bb709af8f84fe476e6aa7ab4d8f684234500fc4c9569eaef,ae84b750040cb2326a2007aa6fc99e862380fbb5a8d1464fb46a3de580e92c37
RQ-044,POST /api/v1/profiler/address/transactions,What bounded address-transaction activity exists for 0xb66cd966670d962c227b3eaba30a872dbfb995db in the incident window?,Test an alternative lead,Reviewed research evidence,2099a66f4d04c10bb3d949f012aa238455ce4869764e53fcb87a9fb842235402,5fbca41f33ba94ed6c8f4873bcd2e042a91702c6b3991105fd862cfda4b57d74,4f53cda18c2baa0c0354bb5f9a3ecbe5ed12ab4d8e11ba873c2f11161202b945
RQ-045,POST /api/v1/profiler/address/transactions,Does the BRCG wallet participate in Euler-window address transactions? Expected bounded no-match; BRCG is not Euler proof.,Test an alternative lead,Reviewed research evidence,ec36c6595d08b73e064b1178d8f5b488642ad7c47cbee297601f978bc6604ae4,5fbca41f33ba94ed6c8f4873bcd2e042a91702c6b3991105fd862cfda4b57d74,4f53cda18c2baa0c0354bb5f9a3ecbe5ed12ab4d8e11ba873c2f11161202b945
RQ-046,POST /api/v1/profiler/address/counterparties,Which wallet-grouped counterparties interact with 0x5f259d0b76665c337c6104145894f4d1d2758b8c in the incident window (source Combined)?,Compare address interactions,Reviewed research evidence,7c219a900a55266d9d901c4ce668911b7057f5f387dce859c9055142e938812a,561164d9e4d46be7c0839a95972c8b05bd756aa75da37cd69e5319811efd2cd1,c79de6c55d3c7cbcd6d24a5002aec6fa553c457150ac71a6189edfb48cec2c54
RQ-047,POST /api/v1/profiler/address/counterparties,Which wallet-grouped counterparties interact with 0x036cec1a199234fc02f72d29e596a09440825f1c in the incident window (source Combined)?,Compare address interactions,Reviewed research evidence,16735c0d3ef58e02eae3d38ce6b86c58e0a4a8b1b32f79dd7c2ac56d29ff64e6,c1938a96ef56ac3da73248838f893de60d4b7b3272df292b09e307058457a7e1,a80044645569f600979e515453c46dc58ddf393ac430450c6327b4f546d218a3
RQ-048,POST /api/v1/profiler/address/counterparties,Which wallet-grouped counterparties interact with 0xb66cd966670d962c227b3eaba30a872dbfb995db in the incident window (source Combined)?,Compare address interactions,Reviewed research evidence,f521da9437f6f305e0e7afa0a469511b0bd879caa24e9cce6d9d4b716d445f36,b91641d58684622c427d48f5e421a2ca358df927e8bbc8d1df17308177830f90,d5304346293b2befac1a520bf29d008dc5863b6e0cf242bb2c0deb99bce0631b
RQ-049,POST /api/v1/profiler/address/counterparties,Which wallet-grouped counterparties interact with 0xc66dfa84bc1b93df194bd964a41282da65d73c9a in the incident window (source Combined)?,Compare address interactions,Reviewed research evidence,9b45370abff85464178f80f441162ce8e5f36557894b636d3de8f0930ab5bee6,08e6887c697aff53ec0cf2c0df1b697d5bc976d656ac21958e78bd37363f5427,d76fdb19e750f251ce7155f0ff7bb7d5ed747fb6db2de52ea5f58870db5c97ce
RQ-050,POST /api/v1/profiler/address/counterparties,Which wallet-grouped counterparties interact with 0xebc29199c817dc47ba12e3f86102564d640cbf99 in the pre-breach interval (source Combined)?,Compare address interactions,Reviewed research evidence,2fcffc2ee8af0c19c4cbdef0f1f2de69759be0a0965160cb0c61b32cc51b0ece,042a43d9aec03f94503dcee77386a3d49dfc575cd0b45d3e52acb0f7b921b655,7195069f4c0355f933c43d8bc3c13313af2a3521a9461139b5f442d59a894769
RQ-051,POST /api/v1/profiler/address/counterparties,Which wallet-grouped counterparties interact with 0xb66cd966670d962c227b3eaba30a872dbfb995db in the interval from the connecting transaction to the cutoff (source Combined)?,Compare address interactions,Reviewed research evidence,88307db9c46ca9b68643a3858d0719c1b8282fcb2f02d7e2331a5cd07e7f849f,b91641d58684622c427d48f5e421a2ca358df927e8bbc8d1df17308177830f90,d5304346293b2befac1a520bf29d008dc5863b6e0cf242bb2c0deb99bce0631b
RQ-052,POST /api/v1/profiler/address/counterparties,Which wallet-grouped counterparties interact with 0x5f259d0b76665c337c6104145894f4d1d2758b8c in the previous-day comparison window (source Combined)?,Compare address interactions,Reviewed research evidence,9cd3d4687dfa954435dffdcae374bdc1c793a18673734202d2fe8dd6cf4a4f13,26d63736077937d9ea342c1c90a4d27ffbdb28d0b6ebd7aa1b08b0957a96be1a,4f53cda18c2baa0c0354bb5f9a3ecbe5ed12ab4d8e11ba873c2f11161202b945
RQ-053,POST /api/v1/profiler/address/counterparties,Which wallet-grouped counterparties interact with 0xb66cd966670d962c227b3eaba30a872dbfb995db in the incident window (source ETH)?,Compare address interactions,Reviewed research evidence,2ccacc2d71f64c4a93b34f4356763d9a1b825614539e8f508bb8ee19b387c75f,71f31cc4c2101091f6786cce2fac727c0407c1fdd33e63f22e985c241b5a61e9,b45c991e21cfcc295f018636a129d1d3f87df4c7520d140ac73d16477da69ead
RQ-054,POST /api/v1/tgm/transfers,What DAI transfers does Nansen return for the accepted First Breach hash?,Reconcile a known transaction,Reviewed research evidence,0c9679f2352c210896f91533bee3a461a9848a1d9c6bf381cbc6ad375d499352,75da2380a00bc0ef55ac6140885fb41de3b7139e6e57d620602ece180e2f5b53,da41ca69f40b3f80536243cafad55c31a9f7d0d9aaaa3c6f7bb7df1786d4d45d
RQ-055,POST /api/v1/tgm/transfers,What DAI transfers does Nansen return for the accepted Main / Second Breach hash?,Reconcile a known transaction,Reviewed research evidence,ae5bf80437761fcc0840bef66aaf8b39a215c7bc807d8ce99f5f97f7dadddb7a,f8d9f398a764a29b9db2d16ebc4caf81cad6735f9718cb93c9996328e1704f30,2417fcf53fa8e2be90304ac479394b64847d89faaebd966233624a662c98f2c2
RQ-056,POST /api/v1/tgm/transfers,What DAI transfers does Nansen return for the accepted 11:38:11 UTC convergence hash?,Reconcile a known transaction,Reviewed research evidence,9bccd811342710f11a5bd5f9f1ca09e00fb6b19bb8fa9c770d46eeb75ad899e5,ea570bf4094f8af92bb8a81399d9a4c3a144bc9e688e375b3a8ad86c3ee51b02,bbc0dfdd0441f06fbd36eab7cfb8688ff08cee1b987d0cea19599e6ba545f054
RQ-057,POST /api/v1/tgm/transfers,What DAI transfers does Nansen return for the accepted secondary context hash?,Reconcile a known transaction,Retained request entry,81b52c050c5b28f33cff0978e1a4e4cc9fad8ed932371d34e229b067b8e8d54c,d751e140bcfb7a7aedfa43575f658c02290326d722ea97f3582af1029513c15b,4f53cda18c2baa0c0354bb5f9a3ecbe5ed12ab4d8e11ba873c2f11161202b945
RQ-058,POST /api/v1/tgm/transfers,Which DAI transfers in the incident window fall in the approximately 8.88M amount band?,Test a useful filter,Reviewed research evidence,6b884fc4467e7f45bf8254f6bd1fd82d3a881459e38ee88527d656bfa15c520e,ea570bf4094f8af92bb8a81399d9a4c3a144bc9e688e375b3a8ad86c3ee51b02,bbc0dfdd0441f06fbd36eab7cfb8688ff08cee1b987d0cea19599e6ba545f054
RQ-059,POST /api/v1/tgm/transfers,Which approximately 8.88M DAI transfers enter the Receiving Vault in the incident window?,Test a useful filter,Reviewed research evidence,6b1da2f1529de396d7994f48404393be87ad2c7657fe202f92c842d4e7bd47be,ea570bf4094f8af92bb8a81399d9a4c3a144bc9e688e375b3a8ad86c3ee51b02,bbc0dfdd0441f06fbd36eab7cfb8688ff08cee1b987d0cea19599e6ba545f054
RQ-060,POST /api/v1/tgm/transfers,Which approximately 8.88M DAI transfers leave the First Engine in the incident window?,Test a useful filter,Reviewed research evidence,80bbdbb860d61ebda71f031102a4b8559ccec0cf82d3518ceab1292ebe34481a,ea570bf4094f8af92bb8a81399d9a4c3a144bc9e688e375b3a8ad86c3ee51b02,bbc0dfdd0441f06fbd36eab7cfb8688ff08cee1b987d0cea19599e6ba545f054
RQ-061,POST /api/v1/tgm/transfers,Which tiny DAI transfers exist in the incident window as a supporting amount-band control?,Test an alternative lead,Reviewed research evidence,110e52727d575c7ed6957e0b2bc47574eaa4df5fcaa9507a9675e8fef8441f34,9acd5226b5292ab5073d68afcda3cfde496285818697c26d7d59983cc8283d1e,e01795c00613bb6606f0303fb8f30bb27da060371a83bdb4dc0df68d5e8e4a3d
RQ-062,POST /api/v1/tgm/transfers,Does the DAI to_address view for 0xb66cd966670d962c227b3eaba30a872dbfb995db in the previous-day comparison window return a bounded no-match or off-path haystack?,Test an alternative lead,Reviewed research evidence,74b085a144f3382c2a35af7a056d4b6ebbac30422517f0cab8bab9369ef53b1f,d751e140bcfb7a7aedfa43575f658c02290326d722ea97f3582af1029513c15b,4f53cda18c2baa0c0354bb5f9a3ecbe5ed12ab4d8e11ba873c2f11161202b945
RQ-063,POST /api/v1/tgm/transfers,Does the DAI to_address view for 0xb66cd966670d962c227b3eaba30a872dbfb995db in the following-day comparison window return a bounded no-match or off-path haystack?,Test an alternative lead,Reviewed research evidence,ddb1923dd78bd947c16e484758632e035ad740d2c31567818bc883e3f91c648e,d751e140bcfb7a7aedfa43575f658c02290326d722ea97f3582af1029513c15b,4f53cda18c2baa0c0354bb5f9a3ecbe5ed12ab4d8e11ba873c2f11161202b945
RQ-064,POST /api/v1/tgm/transfers,Does the DAI from_address view for 0xebc29199c817dc47ba12e3f86102564d640cbf99 in the previous-day comparison window return a bounded no-match or off-path haystack?,Test an alternative lead,Reviewed research evidence,593f04d761ea0df2a43ff64060faea5dbce6ce7508fe33c065db9f62477cf9aa,d751e140bcfb7a7aedfa43575f658c02290326d722ea97f3582af1029513c15b,4f53cda18c2baa0c0354bb5f9a3ecbe5ed12ab4d8e11ba873c2f11161202b945
RQ-065,POST /api/v1/tgm/transfers,Does the DAI to_address view for 0xebc29199c817dc47ba12e3f86102564d640cbf99 in the following-day comparison window return a bounded no-match or off-path haystack?,Test an alternative lead,Reviewed research evidence,929e83f640b4a2b88d7ab561a61dfb72fb1b4191c49d0ccbb0e5fb6ddabcfeef,d751e140bcfb7a7aedfa43575f658c02290326d722ea97f3582af1029513c15b,4f53cda18c2baa0c0354bb5f9a3ecbe5ed12ab4d8e11ba873c2f11161202b945
RQ-066,POST /api/v1/tgm/transfers,Which DAI transfers enter the secondary receiver in the incident window?,Add context,Retained request entry,f64c9f77d9eeada91e4435f64d9ea523ab158036295910dd655fa73f115e46f9,d751e140bcfb7a7aedfa43575f658c02290326d722ea97f3582af1029513c15b,4f53cda18c2baa0c0354bb5f9a3ecbe5ed12ab4d8e11ba873c2f11161202b945
RQ-067,POST /api/v1/tgm/transfers,Which DAI transfers leave the secondary receiver in the incident window?,Add context,Retained request entry,293e3c1277ee31a74021340edb11849552cb6604e36385d36575f80348096364,d751e140bcfb7a7aedfa43575f658c02290326d722ea97f3582af1029513c15b,4f53cda18c2baa0c0354bb5f9a3ecbe5ed12ab4d8e11ba873c2f11161202b945
RQ-068,POST /api/v1/tgm/transfers,Which DAI transfers match from_address 0x5f259d0b76665c337c6104145894f4d1d2758b8c in the interval from the connecting transaction to the cutoff?,Test a useful filter,Retained request entry,8006daea68ee1b69afff62b48e1582dd1aad016ad8b1591939ecbfbe09ccc817,d751e140bcfb7a7aedfa43575f658c02290326d722ea97f3582af1029513c15b,4f53cda18c2baa0c0354bb5f9a3ecbe5ed12ab4d8e11ba873c2f11161202b945
RQ-069,POST /api/v1/tgm/transfers,Which DAI transfers match to_address 0xebc29199c817dc47ba12e3f86102564d640cbf99 in the interval from the connecting transaction to the cutoff?,Test a useful filter,Retained request entry,8355c2bfb86cc6d247c7a2072b6344afbd14bd5a1b745f86abb162ef5f9d488e,d751e140bcfb7a7aedfa43575f658c02290326d722ea97f3582af1029513c15b,4f53cda18c2baa0c0354bb5f9a3ecbe5ed12ab4d8e11ba873c2f11161202b945
RQ-070,POST /api/v1/tgm/transfers,Which DAI transfers match from_address 0xebc29199c817dc47ba12e3f86102564d640cbf99 in the pre-breach interval?,Test a useful filter,Retained request entry,0c3c205c1f81a4b371807ef699edf2fe8de49971f826415632539468c8b74af9,d751e140bcfb7a7aedfa43575f658c02290326d722ea97f3582af1029513c15b,4f53cda18c2baa0c0354bb5f9a3ecbe5ed12ab4d8e11ba873c2f11161202b945
RQ-071,POST /api/v1/tgm/transfers,Which DAI transfers match to_address 0xebc29199c817dc47ba12e3f86102564d640cbf99 in the pre-breach interval?,Test a useful filter,Retained request entry,ef7b997cbfaed0f64a692a4f7f6b85833e6adc61fb926ba2e42fc74fe1ae306b,d751e140bcfb7a7aedfa43575f658c02290326d722ea97f3582af1029513c15b,4f53cda18c2baa0c0354bb5f9a3ecbe5ed12ab4d8e11ba873c2f11161202b945
RQ-072,POST /api/v1/tgm/transfers,Which DAI transfers match to_address 0xb2698c2d99ad2c302a95a8db26b08d17a77cedd4 in the interval from the connecting transaction to the cutoff?,Test a useful filter,Retained request entry,207bd8142569ebec62e560a0ab8100f9f629ebd7f046f993c17721e684500d6f,d751e140bcfb7a7aedfa43575f658c02290326d722ea97f3582af1029513c15b,4f53cda18c2baa0c0354bb5f9a3ecbe5ed12ab4d8e11ba873c2f11161202b945
RQ-073,POST /api/v1/tgm/transfers,Which DAI transfers match to_address 0x036cec1a199234fc02f72d29e596a09440825f1c in the interval from the connecting transaction to the cutoff?,Test a useful filter,Retained request entry,6608e4a3c60705a7703bf2d2b5d66d5991fa7e5e6c4e8460667b96f3fc25a542,d751e140bcfb7a7aedfa43575f658c02290326d722ea97f3582af1029513c15b,4f53cda18c2baa0c0354bb5f9a3ecbe5ed12ab4d8e11ba873c2f11161202b945
RQ-074,POST /api/v1/tgm/transfers,Which DAI transfers match from_address 0x036cec1a199234fc02f72d29e596a09440825f1c in the interval from the connecting transaction to the cutoff?,Test a useful filter,Retained request entry,05d66994b029f1f01ad9be9751745709ccdb7614efd4a32d44759755cf41cd52,d751e140bcfb7a7aedfa43575f658c02290326d722ea97f3582af1029513c15b,4f53cda18c2baa0c0354bb5f9a3ecbe5ed12ab4d8e11ba873c2f11161202b945
RQ-075,POST /api/v1/tgm/transfers,Which DAI transfers match from_address 0xb66cd966670d962c227b3eaba30a872dbfb995db in the pre-breach interval?,Test a useful filter,Retained request entry,32fe238b1a148bcfef5f89482217d3c7fb3ac2c98208c9688ebd40f6e43818aa,d751e140bcfb7a7aedfa43575f658c02290326d722ea97f3582af1029513c15b,4f53cda18c2baa0c0354bb5f9a3ecbe5ed12ab4d8e11ba873c2f11161202b945
RQ-076,POST /api/v1/tgm/transfers,Which DAI transfers match to_address 0xb66cd966670d962c227b3eaba30a872dbfb995db in the pre-breach interval?,Test a useful filter,Retained request entry,80dd39cbf9ba7772b873bc1d19dac8a8c7775690881af994e484c2b42d6cc26d,d751e140bcfb7a7aedfa43575f658c02290326d722ea97f3582af1029513c15b,4f53cda18c2baa0c0354bb5f9a3ecbe5ed12ab4d8e11ba873c2f11161202b945
RQ-077,POST /api/v1/tgm/transfers,Which DAI transfers match from_address 0xb2698c2d99ad2c302a95a8db26b08d17a77cedd4 in the interval from the connecting transaction to the cutoff?,Test a useful filter,Retained request entry,514fcbb599cc20457885877da3d0dba4766ccf870aa1e8507f5044b0ff848f97,d751e140bcfb7a7aedfa43575f658c02290326d722ea97f3582af1029513c15b,4f53cda18c2baa0c0354bb5f9a3ecbe5ed12ab4d8e11ba873c2f11161202b945
RQ-078,POST /api/v1/tgm/transfers,Which USDC transfers enter the First Engine in the incident window?,Add context,Retained request entry,c0e2fc27557586376d83818216ad2f3ce8e9a06da55f12de9e92ace213f54a03,d751e140bcfb7a7aedfa43575f658c02290326d722ea97f3582af1029513c15b,4f53cda18c2baa0c0354bb5f9a3ecbe5ed12ab4d8e11ba873c2f11161202b945
RQ-079,POST /api/v1/tgm/transfers,Which USDC transfers leave the First Engine in the incident window?,Add context,Retained request entry,91f7c88f23452ac222f9e66f0882412a50e2bf8904adf0692a2d847fb9da7eca,d751e140bcfb7a7aedfa43575f658c02290326d722ea97f3582af1029513c15b,4f53cda18c2baa0c0354bb5f9a3ecbe5ed12ab4d8e11ba873c2f11161202b945
RQ-080,POST /api/v1/tgm/transfers,Which USDC transfers enter the Extraction Engine in the incident window?,Add context,Reviewed research evidence,7dc6c601ac844ab9cf2724c337b74e29cece68cf69af51c1aaead5b3e3a253c2,730d71da440b346c0612597349b7c26da732dc89843b88f5adf89ae2d3b7e197,a66defe213c1e53c1eb0382d7038bf5c069e1f9371d119b87e196bcfb475e194
RQ-081,POST /api/v1/tgm/transfers,Which USDC transfers leave the Extraction Engine in the incident window?,Add context,Reviewed research evidence,7f088558f36fb8c605db29b2fd7849bc99bc115b1f574a77950d6d1af8e85f2a,bcb5c9a7913c274430fe530528da2b78c8949367b8c217e0960c2b3f22120353,a33564619b069c82f6520560decc19ae21c3422bfc7fbe65ef8d56558cb7e813
RQ-082,POST /api/v1/tgm/transfers,Which USDC transfers enter the Receiving Vault in the incident window?,Add context,Retained request entry,dcab4c4e7755f242fc10fbeec30e3da336b911b2d5a0d99413e070e3acc75344,d751e140bcfb7a7aedfa43575f658c02290326d722ea97f3582af1029513c15b,4f53cda18c2baa0c0354bb5f9a3ecbe5ed12ab4d8e11ba873c2f11161202b945
RQ-083,POST /api/v1/tgm/transfers,Which USDC transfers leave the Receiving Vault in the incident window?,Add context,Retained request entry,e6f68fa80033140ad928f82664b626ac7354a782a35749faf71b899ab6564528,d751e140bcfb7a7aedfa43575f658c02290326d722ea97f3582af1029513c15b,4f53cda18c2baa0c0354bb5f9a3ecbe5ed12ab4d8e11ba873c2f11161202b945
RQ-084,POST /api/v1/tgm/transfers,Which WBTC transfers enter the First Engine in the incident window?,Add context,Retained request entry,97af9aaef918c9fdf1a2c5bbde5c6bfb093b950c67855ffa2014a4dc7ceb8d89,d751e140bcfb7a7aedfa43575f658c02290326d722ea97f3582af1029513c15b,4f53cda18c2baa0c0354bb5f9a3ecbe5ed12ab4d8e11ba873c2f11161202b945
RQ-085,POST /api/v1/tgm/transfers,Which WBTC transfers leave the First Engine in the incident window?,Add context,Retained request entry,6cf6bef23ab49af6afe3ebe11539630814854bf7707068146cb337b35b67d885,d751e140bcfb7a7aedfa43575f658c02290326d722ea97f3582af1029513c15b,4f53cda18c2baa0c0354bb5f9a3ecbe5ed12ab4d8e11ba873c2f11161202b945
RQ-086,POST /api/v1/tgm/transfers,Which WBTC transfers enter the Extraction Engine in the incident window?,Add context,Reviewed research evidence,ab1929a970989aaf4e1603db0c5461553664ab823174dc15996b6ead650a279a,26f21062225c2f2c6c091d52a9653d586e10fc3f87df371e2cb966fe16fd2867,426a2902962cca819bafb79c2ecdfb1042f3f0c8f0592277970e9f24245016b6
RQ-087,POST /api/v1/tgm/transfers,Which WBTC transfers leave the Extraction Engine in the incident window?,Add context,Reviewed research evidence,2bce71ec7d40d27b4bdcdc61981a23cfe21ebae170e68dcffdad6a1d24a943c6,3060af806e176f0c626ddd8f0535a24266dba849adbb3769851db55f947f4ff3,22a542afceb8380ce6873aac8c3539270aee27e78f43aa0ed90032d56a2d820e
RQ-088,POST /api/v1/tgm/transfers,Which WBTC transfers enter the Receiving Vault in the incident window?,Add context,Retained request entry,48690ce91ea584c0235f75283322015ff66dba2290a8d853a373ff9a7e8c0121,d751e140bcfb7a7aedfa43575f658c02290326d722ea97f3582af1029513c15b,4f53cda18c2baa0c0354bb5f9a3ecbe5ed12ab4d8e11ba873c2f11161202b945
RQ-089,POST /api/v1/tgm/transfers,Which WBTC transfers leave the Receiving Vault in the incident window?,Add context,Retained request entry,1777238c3bf6332e122dcc8f66c73fcfa12dd61af83191825a3a564f776fb55d,d751e140bcfb7a7aedfa43575f658c02290326d722ea97f3582af1029513c15b,4f53cda18c2baa0c0354bb5f9a3ecbe5ed12ab4d8e11ba873c2f11161202b945
RQ-090,POST /api/v1/tgm/transfers,Which stETH transfers enter the First Engine in the incident window?,Add context,Retained request entry,c6b9e91bf6c1c693af700c302e6296773b0d0f3a49942fb4eca5a8600d8c18f9,d751e140bcfb7a7aedfa43575f658c02290326d722ea97f3582af1029513c15b,4f53cda18c2baa0c0354bb5f9a3ecbe5ed12ab4d8e11ba873c2f11161202b945
RQ-091,POST /api/v1/tgm/transfers,Which stETH transfers leave the First Engine in the incident window?,Add context,Retained request entry,be1c6d1519a367428893a29b9e26a3b569d059c35d87e89822ae74724406717e,d751e140bcfb7a7aedfa43575f658c02290326d722ea97f3582af1029513c15b,4f53cda18c2baa0c0354bb5f9a3ecbe5ed12ab4d8e11ba873c2f11161202b945
RQ-092,POST /api/v1/tgm/transfers,Which stETH transfers enter the Extraction Engine in the incident window?,Add context,Reviewed research evidence,78ee78b4bbc04d10802dee676a4ecae96ca154b7a3e9a81bc95f6903a6673ddd,16943ae01a0561f6ea1e83f0479c35e00ba916d43885facd78909d43b9543a0c,d7b68cfc04b97420b3aee96708bfcf04073e36c6eaeb5b951412de244d522272
RQ-093,POST /api/v1/tgm/transfers,Which stETH transfers leave the Extraction Engine in the incident window?,Add context,Reviewed research evidence,8fba7143d35c835a137ab4d2378f0735b2147c3035527672d7baa49f295a3425,361f33c7f9e3844bc7f0d974f8375e90e0f9896d5fcb4c3ff403f9d5cbd9369e,692f6dd412c8556b280a09335aa8ad4de021bf75967bc01d3032364fcdf09ea2
RQ-094,POST /api/v1/tgm/transfers,Which stETH transfers enter the Receiving Vault in the incident window?,Add context,Retained request entry,8620bd091ac2f85f68b321b610b360b766622f71c396693768df42655d69e2c4,d751e140bcfb7a7aedfa43575f658c02290326d722ea97f3582af1029513c15b,4f53cda18c2baa0c0354bb5f9a3ecbe5ed12ab4d8e11ba873c2f11161202b945
RQ-095,POST /api/v1/tgm/transfers,Which stETH transfers leave the Receiving Vault in the incident window?,Add context,Retained request entry,65ad95ff8470fe4189ddaf6c247319b6c1233a9e2df56bcf77d2344aa14d68ff,d751e140bcfb7a7aedfa43575f658c02290326d722ea97f3582af1029513c15b,4f53cda18c2baa0c0354bb5f9a3ecbe5ed12ab4d8e11ba873c2f11161202b945
RQ-096,POST /api/v1/tgm/transfers,Which wstETH transfers enter the First Engine in the incident window?,Add context,Retained request entry,bc234d0f429a13b2ad0a0e390b6d4f3263a435caa45558005d73316dd1bf037e,d751e140bcfb7a7aedfa43575f658c02290326d722ea97f3582af1029513c15b,4f53cda18c2baa0c0354bb5f9a3ecbe5ed12ab4d8e11ba873c2f11161202b945
RQ-097,POST /api/v1/tgm/transfers,Which wstETH transfers leave the First Engine in the incident window?,Add context,Retained request entry,51f5e05f2464f91ab818b6c6e14caf96382acef6798662dbc504f5b4ff3cab44,d751e140bcfb7a7aedfa43575f658c02290326d722ea97f3582af1029513c15b,4f53cda18c2baa0c0354bb5f9a3ecbe5ed12ab4d8e11ba873c2f11161202b945
RQ-098,POST /api/v1/tgm/transfers,Which wstETH transfers enter the Extraction Engine in the incident window?,Add context,Reviewed research evidence,c200116cc7ea737df82a95a068e5352fb90dabe897afb0e7279fa2da597e1f09,28c9b067b461b402311325e1b6f77a182d631a778720244637dc4c3a91868396,d14b40691a3ba13fde1b5d91ee7f784da4943a0f9cbfc061b277beb623b0dc33
RQ-099,POST /api/v1/tgm/transfers,Which wstETH transfers leave the Extraction Engine in the incident window?,Add context,Reviewed research evidence,82da53c8df345e11e5c696c38084557377c1ebe37ad1b4c3353f9fbb70cf4604,e4d3b750bf4e537dc91353d36e8344ad198250603e81bef8cc0afbc3247655b4,2d8d88c0cba2689a85e10798c72b4e019f84d9aadf5b779ccd94097f72fc9657
RQ-100,POST /api/v1/tgm/transfers,Which wstETH transfers enter the Receiving Vault in the incident window?,Add context,Retained request entry,5213dcad8400ae30038b71f348617bb181863b6259ee84aad6c89ffb2d74ce9d,d751e140bcfb7a7aedfa43575f658c02290326d722ea97f3582af1029513c15b,4f53cda18c2baa0c0354bb5f9a3ecbe5ed12ab4d8e11ba873c2f11161202b945
RQ-101,POST /api/v1/tgm/transfers,Which wstETH transfers leave the Receiving Vault in the incident window?,Add context,Retained request entry,8c749aac85eb4f930906e7dc43b5a1e6e1b251b8194435c212b7106078d76f9b,d751e140bcfb7a7aedfa43575f658c02290326d722ea97f3582af1029513c15b,4f53cda18c2baa0c0354bb5f9a3ecbe5ed12ab4d8e11ba873c2f11161202b945
